publish_date,article_count
2009-02-14,1
2009-04-27,2
2009-04-29,1
2009-05-22,1
2009-05-27,6
2009-05-29,2
2009-05-30,3
2009-06-01,5
2009-06-02,2
2009-06-05,6
2009-06-08,3
2009-06-09,7
2009-06-15,3
2009-06-16,3
2009-06-19,5
2009-06-22,1
2009-06-28,2
2009-06-30,3
2009-07-07,2
2009-07-08,2
2009-07-10,1
2009-07-14,3
2009-07-15,2
2009-07-16,1
2009-07-17,1
2009-07-21,7
2009-07-24,1
2009-07-27,54
2009-07-30,1
2009-08-01,1
2009-08-03,1
2009-08-04,7
2009-08-06,49
2009-08-07,644
2009-08-08,7
2009-08-09,35
2009-08-10,1130
2009-08-11,48
2009-08-12,532
2009-08-13,651
2009-08-16,105
2009-08-17,158
2009-08-18,6
2009-08-19,3
2009-08-21,7
2009-08-22,4
2009-08-23,6
2009-08-24,9
2009-08-25,38
2009-08-26,20
2009-08-27,52
2009-08-28,60
2009-08-29,10
2009-08-30,10
2009-08-31,40
2009-09-01,36
2009-09-02,39
2009-09-03,60
2009-09-04,25
2009-09-05,5
2009-09-06,6
2009-09-07,25
2009-09-08,85
2009-09-09,70
2009-09-10,70
2009-09-11,49
2009-09-12,8
2009-09-13,22
2009-09-14,61
2009-09-15,67
2009-09-16,50
2009-09-17,32
2009-09-18,36
2009-09-20,1
2009-09-21,49
2009-09-22,38
2009-09-23,38
2009-09-24,32
2009-09-25,23
2009-09-27,7
2009-09-28,26
2009-09-29,31
2009-09-30,32
2009-10-01,33
2009-10-02,25
2009-10-04,6
2009-10-05,54
2009-10-06,56
2009-10-07,39
2009-10-08,75
2009-10-09,27
2009-10-11,6
2009-10-12,34
2009-10-13,42
2009-10-14,37
2009-10-15,36
2009-10-16,9
2009-10-18,18
2009-10-19,56
2009-10-20,59
2009-10-21,52
2009-10-22,64
2009-10-23,67
2009-10-24,11
2009-10-25,6
2009-10-26,102
2009-10-27,96
2009-10-28,111
2009-10-29,118
2009-10-30,90
2009-10-31,1
2009-11-01,3
2009-11-02,104
2009-11-03,91
2009-11-04,110
2009-11-05,107
2009-11-06,81
2009-11-07,1
2009-11-08,2
2009-11-09,101
2009-11-10,108
2009-11-11,128
2009-11-12,139
2009-11-13,97
2009-11-14,2
2009-11-15,2
2009-11-16,102
2009-11-17,115
2009-11-18,130
2009-11-19,131
2009-11-20,90
2009-11-21,7
2009-11-22,4
2009-11-23,141
2009-11-24,146
2009-11-25,100
2009-11-26,7
2009-11-27,86
2009-11-28,7
2009-11-29,12
2009-11-30,108
2009-12-01,109
2009-12-02,126
2009-12-03,99
2009-12-04,158
2009-12-05,1
2009-12-06,15
2009-12-07,161
2009-12-08,158
2009-12-09,167
2009-12-10,164
2009-12-11,121
2009-12-12,9
2009-12-13,10
2009-12-14,182
2009-12-15,160
2009-12-16,154
2009-12-17,132
2009-12-18,123
2009-12-19,2
2009-12-20,11
2009-12-21,197
2009-12-22,186
2009-12-23,162
2009-12-24,67
2009-12-28,118
2009-12-29,100
2009-12-30,110
2009-12-31,108
2010-01-01,5
2010-01-02,4
2010-01-03,10
2010-01-04,165
2010-01-05,202
2010-01-06,175
2010-01-07,226
2010-01-08,205
2010-01-09,5
2010-01-10,2
2010-01-11,232
2010-01-12,220
2010-01-13,167
2010-01-14,193
2010-01-15,174
2010-01-16,24
2010-01-17,16
2010-01-18,47
2010-01-19,165
2010-01-20,194
2010-01-21,191
2010-01-22,185
2010-01-23,12
2010-01-24,1
2010-01-25,236
2010-01-26,183
2010-01-27,201
2010-01-28,182
2010-01-29,164
2010-01-30,6
2010-01-31,15
2010-02-01,186
2010-02-02,272
2010-02-03,202
2010-02-04,220
2010-02-05,187
2010-02-06,7
2010-02-07,7
2010-02-08,172
2010-02-09,236
2010-02-10,207
2010-02-11,202
2010-02-12,216
2010-02-13,11
2010-02-14,13
2010-02-15,61
2010-02-16,217
2010-02-17,225
2010-02-18,168
2010-02-19,176
2010-02-20,7
2010-02-21,11
2010-02-22,262
2010-02-23,229
2010-02-24,225
2010-02-25,201
2010-02-26,178
2010-02-27,15
2010-02-28,17
2010-03-01,157
2010-03-02,175
2010-03-03,191
2010-03-04,185
2010-03-05,175
2010-03-06,25
2010-03-07,25
2010-03-08,191
2010-03-09,177
2010-03-10,189
2010-03-11,207
2010-03-12,169
2010-03-13,10
2010-03-14,10
2010-03-15,197
2010-03-16,198
2010-03-17,233
2010-03-18,186
2010-03-19,158
2010-03-20,11
2010-03-21,110
2010-03-22,234
2010-03-23,229
2010-03-24,184
2010-03-25,300
2010-03-26,147
2010-03-27,2
2010-03-28,9
2010-03-29,294
2010-03-30,173
2010-03-31,188
2010-04-01,237
2010-04-02,48
2010-04-03,9
2010-04-04,20
2010-04-05,236
2010-04-06,199
2010-04-07,175
2010-04-08,203
2010-04-09,139
2010-04-10,6
2010-04-11,13
2010-04-12,148
2010-04-13,197
2010-04-14,204
2010-04-15,154
2010-04-16,116
2010-04-17,16
2010-04-18,4
2010-04-19,190
2010-04-20,194
2010-04-21,216
2010-04-22,178
2010-04-23,206
2010-04-24,10
2010-04-25,2
2010-04-26,198
2010-04-27,189
2010-04-28,171
2010-04-29,175
2010-04-30,154
2010-05-01,5
2010-05-02,27
2010-05-03,193
2010-05-04,221
2010-05-05,195
2010-05-06,227
2010-05-07,153
2010-05-08,9
2010-05-09,9
2010-05-10,214
2010-05-11,626
2010-05-12,275
2010-05-13,226
2010-05-14,242
2010-05-15,10
2010-05-16,8
2010-05-17,301
2010-05-18,260
2010-05-19,248
2010-05-20,249
2010-05-21,183
2010-05-22,6
2010-05-23,6
2010-05-24,240
2010-05-25,229
2010-05-26,264
2010-05-27,231
2010-05-28,185
2010-05-29,7
2010-05-30,10
2010-05-31,39
2010-06-01,259
2010-06-02,250
2010-06-03,228
2010-06-04,209
2010-06-05,16
2010-06-06,7
2010-06-07,204
2010-06-08,256
2010-06-09,250
2010-06-10,205
2010-06-11,139
2010-06-12,16
2010-06-13,32
2010-06-14,211
2010-06-15,183
2010-06-16,185
2010-06-17,226
2010-06-18,179
2010-06-19,25
2010-06-20,19
2010-06-21,199
2010-06-22,201
2010-06-23,188
2010-06-24,235
2010-06-25,144
2010-06-26,20
2010-06-27,14
2010-06-28,257
2010-06-29,163
2010-06-30,187
2010-07-01,166
2010-07-02,141
2010-07-03,9
2010-07-04,6
2010-07-05,7
2010-07-06,199
2010-07-07,196
2010-07-08,203
2010-07-09,152
2010-07-10,2
2010-07-11,19
2010-07-12,216
2010-07-13,247
2010-07-14,214
2010-07-15,232
2010-07-16,183
2010-07-17,4
2010-07-18,38
2010-07-19,268
2010-07-20,297
2010-07-21,258
2010-07-22,294
2010-07-23,184
2010-07-24,24
2010-07-25,46
2010-07-26,235
2010-07-27,288
2010-07-28,288
2010-07-29,273
2010-07-30,253
2010-07-31,16
2010-08-01,8
2010-08-02,333
2010-08-03,376
2010-08-04,447
2010-08-05,395
2010-08-06,274
2010-08-07,4
2010-08-08,17
2010-08-09,353
2010-08-10,235
2010-08-11,305
2010-08-12,330
2010-08-13,253
2010-08-14,2
2010-08-15,20
2010-08-16,321
2010-08-17,489
2010-08-18,424
2010-08-19,391
2010-08-20,267
2010-08-21,17
2010-08-22,34
2010-08-23,304
2010-08-24,241
2010-08-25,297
2010-08-26,325
2010-08-27,253
2010-08-28,4
2010-08-29,27
2010-08-30,337
2010-08-31,398
2010-09-01,360
2010-09-02,365
2010-09-03,310
2010-09-04,7
2010-09-05,4
2010-09-06,20
2010-09-07,471
2010-09-08,492
2010-09-09,380
2010-09-10,397
2010-09-11,10
2010-09-12,15
2010-09-13,394
2010-09-14,431
2010-09-15,359
2010-09-16,433
2010-09-17,343
2010-09-18,7
2010-09-19,34
2010-09-20,375
2010-09-21,460
2010-09-22,413
2010-09-23,355
2010-09-24,299
2010-09-25,16
2010-09-26,19
2010-09-27,342
2010-09-28,326
2010-09-29,322
2010-09-30,339
2010-10-01,269
2010-10-02,12
2010-10-03,8
2010-10-04,379
2010-10-05,357
2010-10-06,415
2010-10-07,373
2010-10-08,267
2010-10-09,1
2010-10-10,13
2010-10-11,325
2010-10-12,321
2010-10-13,320
2010-10-14,327
2010-10-15,244
2010-10-16,1
2010-10-17,17
2010-10-18,484
2010-10-19,524
2010-10-20,471
2010-10-21,477
2010-10-22,346
2010-10-23,1
2010-10-24,13
2010-10-25,476
2010-10-26,472
2010-10-27,650
2010-10-28,582
2010-10-29,417
2010-10-31,19
2010-11-01,394
2010-11-02,641
2010-11-03,518
2010-11-04,644
2010-11-05,346
2010-11-06,9
2010-11-07,10
2010-11-08,488
2010-11-09,545
2010-11-10,465
2010-11-11,474
2010-11-12,358
2010-11-13,17
2010-11-14,7
2010-11-15,485
2010-11-16,489
2010-11-17,555
2010-11-18,779
2010-11-19,583
2010-11-20,22
2010-11-21,43
2010-11-22,752
2010-11-23,730
2010-11-24,557
2010-11-25,20
2010-11-26,293
2010-11-27,26
2010-11-28,24
2010-11-29,561
2010-11-30,681
2010-12-01,642
2010-12-02,654
2010-12-03,583
2010-12-04,11
2010-12-05,60
2010-12-06,752
2010-12-07,624
2010-12-08,730
2010-12-09,743
2010-12-10,639
2010-12-11,23
2010-12-12,28
2010-12-13,714
2010-12-14,662
2010-12-15,735
2010-12-16,761
2010-12-17,580
2010-12-18,34
2010-12-19,20
2010-12-20,749
2010-12-21,732
2010-12-22,732
2010-12-23,562
2010-12-24,17
2010-12-25,5
2010-12-26,30
2010-12-27,483
2010-12-28,479
2010-12-29,596
2010-12-30,542
2010-12-31,275
2011-01-01,8
2011-01-02,31
2011-01-03,605
2011-01-04,648
2011-01-05,679
2011-01-06,736
2011-01-07,608
2011-01-08,11
2011-01-09,44
2011-01-10,769
2011-01-11,775
2011-01-12,690
2011-01-13,727
2011-01-14,640
2011-01-15,12
2011-01-16,19
2011-01-17,219
2011-01-18,793
2011-01-19,696
2011-01-20,825
2011-01-21,562
2011-01-22,9
2011-01-23,34
2011-01-24,636
2011-01-25,753
2011-01-26,679
2011-01-27,708
2011-01-28,624
2011-01-29,22
2011-01-30,61
2011-01-31,684
2011-02-01,578
2011-02-02,630
2011-02-03,753
2011-02-04,352
2011-02-05,5
2011-02-06,18
2011-02-07,423
2011-02-08,386
2011-02-09,428
2011-02-10,401
2011-02-11,331
2011-02-13,43
2011-02-14,389
2011-02-15,460
2011-02-16,413
2011-02-17,376
2011-02-18,351
2011-02-19,22
2011-02-20,17
2011-02-21,29
2011-02-22,394
2011-02-23,398
2011-02-24,430
2011-02-25,241
2011-02-26,9
2011-02-27,18
2011-02-28,355
2011-03-01,341
2011-03-02,323
2011-03-03,407
2011-03-04,299
2011-03-05,12
2011-03-06,44
2011-03-07,365
2011-03-08,402
2011-03-09,353
2011-03-10,377
2011-03-11,278
2011-03-12,30
2011-03-13,25
2011-03-14,355
2011-03-15,396
2011-03-16,351
2011-03-17,374
2011-03-18,379
2011-03-19,11
2011-03-20,48
2011-03-21,353
2011-03-22,447
2011-03-23,410
2011-03-24,381
2011-03-25,361
2011-03-26,12
2011-03-27,33
2011-03-28,444
2011-03-29,429
2011-03-30,441
2011-03-31,420
2011-04-01,425
2011-04-02,18
2011-04-03,46
2011-04-04,484
2011-04-05,476
2011-04-06,507
2011-04-07,470
2011-04-08,382
2011-04-09,3
2011-04-10,38
2011-04-11,512
2011-04-12,455
2011-04-13,417
2011-04-14,435
2011-04-15,317
2011-04-16,29
2011-04-17,44
2011-04-18,399
2011-04-19,507
2011-04-20,541
2011-04-21,557
2011-04-22,31
2011-04-23,5
2011-04-24,46
2011-04-25,664
2011-04-26,843
2011-04-27,709
2011-04-28,754
2011-04-29,440
2011-04-30,29
2011-05-01,27
2011-05-02,744
2011-05-03,627
2011-05-04,778
2011-05-05,645
2011-05-06,492
2011-05-07,15
2011-05-08,100
2011-05-09,690
2011-05-10,595
2011-05-11,548
2011-05-12,436
2011-05-13,500
2011-05-14,46
2011-05-15,77
2011-05-16,571
2011-05-17,464
2011-05-18,535
2011-05-19,548
2011-05-20,358
2011-05-21,14
2011-05-22,160
2011-05-23,930
2011-05-24,516
2011-05-25,489
2011-05-26,452
2011-05-27,336
2011-05-28,6
2011-05-29,17
2011-05-30,47
2011-05-31,512
2011-06-01,542
2011-06-02,518
2011-06-03,382
2011-06-04,16
2011-06-05,51
2011-06-06,471
2011-06-07,561
2011-06-08,464
2011-06-09,524
2011-06-10,459
2011-06-11,9
2011-06-12,16
2011-06-13,504
2011-06-14,572
2011-06-15,448
2011-06-16,566
2011-06-17,413
2011-06-18,16
2011-06-19,20
2011-06-20,615
2011-06-21,586
2011-06-22,557
2011-06-23,580
2011-06-24,406
2011-06-25,8
2011-06-26,49
2011-06-27,476
2011-06-28,623
2011-06-29,588
2011-06-30,523
2011-07-01,430
2011-07-02,12
2011-07-03,20
2011-07-04,24
2011-07-05,526
2011-07-06,521
2011-07-07,540
2011-07-08,431
2011-07-09,29
2011-07-10,67
2011-07-11,502
2011-07-12,583
2011-07-13,553
2011-07-14,558
2011-07-15,588
2011-07-16,14
2011-07-17,130
2011-07-18,638
2011-07-19,747
2011-07-20,774
2011-07-21,901
2011-07-22,667
2011-07-23,12
2011-07-24,77
2011-07-25,789
2011-07-26,804
2011-07-27,842
2011-07-28,1044
2011-07-29,637
2011-07-30,6
2011-07-31,107
2011-08-01,755
2011-08-02,734
2011-08-03,848
2011-08-04,712
2011-08-05,592
2011-08-06,19
2011-08-07,35
2011-08-08,644
2011-08-09,642
2011-08-10,567
2011-08-11,538
2011-08-12,397
2011-08-13,11
2011-08-14,41
2011-08-15,611
2011-08-16,478
2011-08-17,497
2011-08-18,569
2011-08-19,438
2011-08-20,18
2011-08-21,26
2011-08-22,513
2011-08-23,511
2011-08-24,503
2011-08-25,458
2011-08-26,303
2011-08-27,6
2011-08-28,17
2011-08-29,350
2011-08-30,460
2011-08-31,435
2011-09-01,447
2011-09-02,274
2011-09-03,1
2011-09-04,22
2011-09-05,16
2011-09-06,446
2011-09-07,529
2011-09-08,471
2011-09-09,319
2011-09-10,7
2011-09-11,28
2011-09-12,376
2011-09-13,420
2011-09-14,340
2011-09-15,388
2011-09-16,305
2011-09-17,13
2011-09-18,32
2011-09-19,399
2011-09-20,474
2011-09-21,445
2011-09-22,370
2011-09-23,300
2011-09-24,1
2011-09-25,28
2011-09-26,457
2011-09-27,425
2011-09-28,393
2011-09-29,322
2011-09-30,265
2011-10-01,9
2011-10-02,34
2011-10-03,418
2011-10-04,345
2011-10-05,422
2011-10-06,424
2011-10-07,330
2011-10-08,10
2011-10-09,24
2011-10-10,351
2011-10-11,453
2011-10-12,477
2011-10-13,462
2011-10-14,436
2011-10-15,1
2011-10-16,42
2011-10-17,568
2011-10-18,546
2011-10-19,519
2011-10-20,491
2011-10-21,500
2011-10-23,49
2011-10-24,582
2011-10-25,643
2011-10-26,614
2011-10-27,785
2011-10-28,511
2011-10-30,52
2011-10-31,616
2011-11-01,643
2011-11-02,573
2011-11-03,679
2011-11-04,468
2011-11-05,37
2011-11-06,17
2011-11-07,577
2011-11-08,539
2011-11-09,554
2011-11-10,490
2011-11-11,407
2011-11-12,10
2011-11-13,53
2011-11-14,593
2011-11-15,565
2011-11-16,501
2011-11-17,560
2011-11-18,376
2011-11-19,12
2011-11-20,30
2011-11-21,538
2011-11-22,502
2011-11-23,480
2011-11-24,20
2011-11-25,194
2011-11-27,29
2011-11-28,458
2011-11-29,460
2011-11-30,483
2011-12-01,566
2011-12-02,406
2011-12-03,16
2011-12-04,29
2011-12-05,421
2011-12-06,479
2011-12-07,457
2011-12-08,397
2011-12-09,359
2011-12-10,16
2011-12-11,49
2011-12-12,551
2011-12-13,531
2011-12-14,525
2011-12-15,582
2011-12-16,436
2011-12-17,2
2011-12-18,47
2011-12-19,528
2011-12-20,548
2011-12-21,418
2011-12-22,434
2011-12-23,231
2011-12-24,4
2011-12-26,9
2011-12-27,384
2011-12-28,354
2011-12-29,277
2011-12-30,194
2011-12-31,17
2012-01-01,5
2012-01-02,72
2012-01-03,528
2012-01-04,483
2012-01-05,515
2012-01-06,358
2012-01-07,11
2012-01-08,27
2012-01-09,545
2012-01-10,518
2012-01-11,455
2012-01-12,513
2012-01-13,371
2012-01-15,34
2012-01-16,52
2012-01-17,620
2012-01-18,543
2012-01-19,523
2012-01-20,411
2012-01-22,67
2012-01-23,540
2012-01-24,574
2012-01-25,626
2012-01-26,587
2012-01-27,362
2012-01-28,16
2012-01-29,61
2012-01-30,536
2012-01-31,576
2012-02-01,582
2012-02-02,626
2012-02-03,447
2012-02-04,6
2012-02-05,80
2012-02-06,607
2012-02-07,663
2012-02-08,649
2012-02-09,649
2012-02-10,464
2012-02-11,18
2012-02-12,88
2012-02-13,571
2012-02-14,566
2012-02-15,606
2012-02-16,594
2012-02-17,425
2012-02-18,9
2012-02-19,51
2012-02-20,103
2012-02-21,540
2012-02-22,634
2012-02-23,583
2012-02-24,370
2012-02-26,64
2012-02-27,645
2012-02-28,633
2012-02-29,435
2012-03-01,527
2012-03-02,295
2012-03-03,12
2012-03-04,77
2012-03-05,492
2012-03-06,500
2012-03-07,533
2012-03-08,485
2012-03-09,375
2012-03-11,78
2012-03-12,514
2012-03-13,513
2012-03-14,388
2012-03-15,470
2012-03-16,351
2012-03-17,6
2012-03-18,26
2012-03-19,469
2012-03-20,570
2012-03-21,514
2012-03-22,531
2012-03-23,364
2012-03-24,2
2012-03-25,34
2012-03-26,528
2012-03-27,495
2012-03-28,409
2012-03-29,509
2012-03-30,372
2012-03-31,2
2012-04-01,34
2012-04-02,632
2012-04-03,537
2012-04-04,444
2012-04-05,420
2012-04-06,50
2012-04-08,24
2012-04-09,421
2012-04-10,470
2012-04-11,424
2012-04-12,449
2012-04-13,282
2012-04-14,6
2012-04-15,54
2012-04-16,474
2012-04-17,621
2012-04-18,456
2012-04-19,639
2012-04-20,398
2012-04-21,5
2012-04-22,30
2012-04-23,590
2012-04-24,649
2012-04-25,691
2012-04-26,739
2012-04-27,439
2012-04-28,7
2012-04-29,67
2012-04-30,622
2012-05-01,635
2012-05-02,779
2012-05-03,687
2012-05-04,471
2012-05-05,7
2012-05-06,47
2012-05-07,622
2012-05-08,603
2012-05-09,538
2012-05-10,540
2012-05-11,385
2012-05-13,49
2012-05-14,494
2012-05-15,613
2012-05-16,468
2012-05-17,489
2012-05-18,324
2012-05-19,4
2012-05-20,46
2012-05-21,426
2012-05-22,455
2012-05-23,390
2012-05-24,429
2012-05-25,279
2012-05-26,2
2012-05-27,17
2012-05-28,32
2012-05-29,418
2012-05-30,470
2012-05-31,443
2012-06-01,366
2012-06-02,16
2012-06-03,47
2012-06-04,468
2012-06-05,450
2012-06-06,446
2012-06-07,461
2012-06-08,418
2012-06-09,23
2012-06-10,28
2012-06-11,514
2012-06-12,415
2012-06-13,398
2012-06-14,417
2012-06-15,264
2012-06-16,11
2012-06-17,24
2012-06-18,464
2012-06-19,413
2012-06-20,457
2012-06-21,419
2012-06-22,316
2012-06-23,5
2012-06-24,7
2012-06-25,541
2012-06-26,522
2012-06-27,472
2012-06-28,510
2012-06-29,350
2012-06-30,7
2012-07-01,8
2012-07-02,480
2012-07-03,323
2012-07-04,16
2012-07-05,330
2012-07-06,281
2012-07-07,6
2012-07-08,1
2012-07-09,479
2012-07-10,450
2012-07-11,453
2012-07-12,542
2012-07-13,395
2012-07-14,9
2012-07-15,5
2012-07-16,537
2012-07-17,507
2012-07-18,652
2012-07-19,547
2012-07-20,405
2012-07-21,6
2012-07-22,4
2012-07-23,605
2012-07-24,616
2012-07-25,679
2012-07-26,671
2012-07-27,550
2012-07-28,10
2012-07-29,15
2012-07-30,565
2012-07-31,616
2012-08-01,726
2012-08-02,762
2012-08-03,418
2012-08-04,6
2012-08-05,9
2012-08-06,690
2012-08-07,608
2012-08-08,759
2012-08-09,492
2012-08-10,291
2012-08-11,1
2012-08-12,39
2012-08-13,444
2012-08-14,570
2012-08-15,419
2012-08-16,364
2012-08-17,265
2012-08-18,5
2012-08-19,3
2012-08-20,450
2012-08-21,318
2012-08-22,395
2012-08-23,392
2012-08-24,320
2012-08-25,3
2012-08-26,19
2012-08-27,378
2012-08-28,322
2012-08-29,314
2012-08-30,314
2012-08-31,220
2012-09-01,2
2012-09-02,7
2012-09-03,12
2012-09-04,455
2012-09-05,502
2012-09-06,433
2012-09-07,347
2012-09-08,5
2012-09-09,5
2012-09-10,523
2012-09-11,428
2012-09-12,397
2012-09-13,448
2012-09-14,326
2012-09-15,8
2012-09-17,399
2012-09-18,414
2012-09-19,395
2012-09-20,454
2012-09-21,374
2012-09-22,3
2012-09-23,8
2012-09-24,533
2012-09-25,412
2012-09-26,365
2012-09-27,451
2012-09-28,374
2012-09-29,2
2012-09-30,12
2012-10-01,616
2012-10-02,457
2012-10-03,428
2012-10-04,437
2012-10-05,375
2012-10-06,7
2012-10-07,2
2012-10-08,484
2012-10-09,520
2012-10-10,424
2012-10-11,378
2012-10-12,348
2012-10-13,2
2012-10-14,4
2012-10-15,554
2012-10-16,456
2012-10-17,541
2012-10-18,575
2012-10-19,362
2012-10-20,8
2012-10-21,16
2012-10-22,605
2012-10-23,633
2012-10-24,784
2012-10-25,633
2012-10-26,509
2012-10-27,5
2012-10-28,4
2012-10-29,516
2012-10-30,230
2012-10-31,573
2012-11-01,727
2012-11-02,456
2012-11-03,38
2012-11-04,25
2012-11-05,615
2012-11-06,659
2012-11-07,695
2012-11-08,644
2012-11-09,434
2012-11-10,3
2012-11-11,15
2012-11-12,491
2012-11-13,485
2012-11-14,496
2012-11-15,445
2012-11-16,371
2012-11-17,15
2012-11-18,45
2012-11-19,522
2012-11-20,438
2012-11-21,288
2012-11-22,22
2012-11-23,189
2012-11-24,24
2012-11-25,26
2012-11-26,374
2012-11-27,425
2012-11-28,397
2012-11-29,437
2012-11-30,315
2012-12-01,27
2012-12-02,69
2012-12-03,447
2012-12-04,499
2012-12-05,534
2012-12-06,422
2012-12-07,390
2012-12-08,36
2012-12-09,37
2012-12-10,499
2012-12-11,452
2012-12-12,532
2012-12-13,473
2012-12-14,402
2012-12-15,19
2012-12-16,46
2012-12-17,398
2012-12-18,411
2012-12-19,493
2012-12-20,434
2012-12-21,358
2012-12-22,17
2012-12-23,4
2012-12-24,184
2012-12-26,223
2012-12-27,244
2012-12-28,207
2012-12-29,33
2012-12-30,23
2012-12-31,198
2013-01-01,7
2013-01-02,408
2013-01-03,477
2013-01-04,364
2013-01-05,14
2013-01-06,31
2013-01-07,597
2013-01-08,535
2013-01-09,555
2013-01-10,525
2013-01-11,406
2013-01-12,19
2013-01-13,29
2013-01-14,506
2013-01-15,494
2013-01-16,476
2013-01-17,442
2013-01-18,400
2013-01-19,4
2013-01-20,57
2013-01-21,39
2013-01-22,495
2013-01-23,542
2013-01-24,548
2013-01-25,487
2013-01-26,20
2013-01-27,47
2013-01-28,526
2013-01-29,506
2013-01-30,722
2013-01-31,560
2013-02-01,460
2013-02-02,13
2013-02-03,47
2013-02-04,612
2013-02-05,555
2013-02-06,641
2013-02-07,521
2013-02-08,441
2013-02-09,19
2013-02-10,21
2013-02-11,542
2013-02-12,582
2013-02-13,629
2013-02-14,549
2013-02-15,485
2013-02-16,20
2013-02-17,8
2013-02-18,88
2013-02-19,608
2013-02-20,654
2013-02-21,544
2013-02-22,444
2013-02-23,11
2013-02-24,32
2013-02-25,626
2013-02-26,549
2013-02-27,657
2013-02-28,587
2013-03-01,503
2013-03-02,38
2013-03-03,35
2013-03-04,562
2013-03-05,625
2013-03-06,677
2013-03-07,549
2013-03-08,456
2013-03-09,28
2013-03-10,21
2013-03-11,576
2013-03-12,565
2013-03-13,543
2013-03-14,527
2013-03-15,387
2013-03-16,20
2013-03-17,24
2013-03-18,554
2013-03-19,497
2013-03-20,512
2013-03-21,401
2013-03-22,354
2013-03-23,23
2013-03-24,27
2013-03-25,483
2013-03-26,391
2013-03-27,461
2013-03-28,422
2013-03-29,35
2013-03-30,16
2013-03-31,31
2013-04-01,360
2013-04-02,429
2013-04-03,518
2013-04-04,338
2013-04-05,307
2013-04-06,17
2013-04-07,26
2013-04-08,537
2013-04-09,430
2013-04-10,527
2013-04-11,545
2013-04-12,421
2013-04-13,9
2013-04-14,48
2013-04-15,534
2013-04-16,446
2013-04-17,555
2013-04-18,512
2013-04-19,413
2013-04-20,15
2013-04-21,33
2013-04-22,519
2013-04-23,589
2013-04-24,677
2013-04-25,742
2013-04-26,458
2013-04-27,22
2013-04-28,59
2013-04-29,575
2013-04-30,633
2013-05-01,680
2013-05-02,635
2013-05-03,462
2013-05-04,14
2013-05-05,41
2013-05-06,506
2013-05-07,659
2013-05-08,637
2013-05-09,552
2013-05-10,414
2013-05-11,17
2013-05-12,44
2013-05-13,399
2013-05-14,422
2013-05-15,623
2013-05-16,475
2013-05-17,336
2013-05-18,20
2013-05-19,49
2013-05-20,483
2013-05-21,458
2013-05-22,443
2013-05-23,397
2013-05-24,243
2013-05-25,5
2013-05-26,33
2013-05-27,19
2013-05-28,384
2013-05-29,434
2013-05-30,412
2013-05-31,361
2013-06-01,12
2013-06-02,35
2013-06-03,476
2013-06-04,491
2013-06-05,489
2013-06-06,466
2013-06-07,349
2013-06-08,22
2013-06-09,16
2013-06-10,460
2013-06-11,444
2013-06-12,444
2013-06-13,433
2013-06-14,376
2013-06-15,28
2013-06-16,29
2013-06-17,444
2013-06-18,451
2013-06-19,513
2013-06-20,454
2013-06-21,336
2013-06-22,10
2013-06-23,20
2013-06-24,483
2013-06-25,471
2013-06-26,591
2013-06-27,507
2013-06-28,366
2013-06-29,16
2013-06-30,38
2013-07-01,477
2013-07-02,438
2013-07-03,290
2013-07-04,18
2013-07-05,205
2013-07-06,21
2013-07-07,25
2013-07-08,397
2013-07-09,436
2013-07-10,460
2013-07-11,446
2013-07-12,358
2013-07-13,20
2013-07-14,80
2013-07-15,394
2013-07-16,484
2013-07-17,465
2013-07-18,528
2013-07-19,319
2013-07-20,11
2013-07-21,24
2013-07-22,564
2013-07-23,582
2013-07-24,694
2013-07-25,840
2013-07-26,532
2013-07-27,40
2013-07-28,65
2013-07-29,536
2013-07-30,604
2013-07-31,723
2013-08-01,629
2013-08-02,447
2013-08-03,17
2013-08-04,44
2013-08-05,552
2013-08-06,622
2013-08-07,644
2013-08-08,709
2013-08-09,478
2013-08-10,24
2013-08-11,54
2013-08-12,518
2013-08-13,559
2013-08-14,617
2013-08-15,502
2013-08-16,267
2013-08-17,18
2013-08-18,49
2013-08-19,367
2013-08-20,345
2013-08-21,335
2013-08-22,408
2013-08-23,295
2013-08-24,16
2013-08-25,23
2013-08-26,311
2013-08-27,400
2013-08-28,354
2013-08-29,309
2013-08-30,217
2013-08-31,22
2013-09-01,23
2013-09-02,21
2013-09-03,433
2013-09-04,521
2013-09-05,355
2013-09-06,340
2013-09-07,20
2013-09-08,37
2013-09-09,472
2013-09-10,535
2013-09-11,391
2013-09-12,493
2013-09-13,327
2013-09-14,29
2013-09-15,35
2013-09-16,382
2013-09-17,408
2013-09-18,396
2013-09-19,379
2013-09-20,362
2013-09-21,14
2013-09-22,30
2013-09-23,427
2013-09-24,406
2013-09-25,466
2013-09-26,461
2013-09-27,328
2013-09-28,18
2013-09-29,36
2013-09-30,403
2013-10-01,443
2013-10-02,427
2013-10-03,354
2013-10-04,276
2013-10-05,19
2013-10-06,24
2013-10-07,347
2013-10-08,425
2013-10-09,431
2013-10-10,440
2013-10-11,343
2013-10-12,22
2013-10-13,44
2013-10-14,383
2013-10-15,392
2013-10-16,423
2013-10-17,464
2013-10-18,293
2013-10-19,5
2013-10-20,47
2013-10-21,453
2013-10-22,509
2013-10-23,628
2013-10-24,678
2013-10-25,457
2013-10-26,38
2013-10-27,53
2013-10-28,551
2013-10-29,554
2013-10-30,603
2013-10-31,560
2013-11-01,411
2013-11-02,13
2013-11-03,53
2013-11-04,584
2013-11-05,596
2013-11-06,592
2013-11-07,681
2013-11-08,354
2013-11-09,6
2013-11-10,24
2013-11-11,468
2013-11-12,479
2013-11-13,481
2013-11-14,566
2013-11-15,365
2013-11-16,7
2013-11-17,42
2013-11-18,491
2013-11-19,469
2013-11-20,479
2013-11-21,503
2013-11-22,328
2013-11-23,12
2013-11-24,30
2013-11-25,476
2013-11-26,460
2013-11-27,274
2013-11-28,36
2013-11-29,186
2013-11-30,24
2013-12-01,30
2013-12-02,432
2013-12-03,469
2013-12-04,450
2013-12-05,495
2013-12-06,372
2013-12-07,11
2013-12-08,26
2013-12-09,575
2013-12-10,468
2013-12-11,506
2013-12-12,464
2013-12-13,346
2013-12-14,2
2013-12-15,33
2013-12-16,454
2013-12-17,521
2013-12-18,485
2013-12-19,443
2013-12-20,364
2013-12-21,11
2013-12-22,17
2013-12-23,296
2013-12-24,139
2013-12-25,5
2013-12-26,181
2013-12-27,195
2013-12-28,4
2013-12-29,7
2013-12-30,238
2013-12-31,191
2014-01-01,7
2014-01-02,269
2014-01-03,285
2014-01-04,2
2014-01-05,24
2014-01-06,493
2014-01-07,456
2014-01-08,474
2014-01-09,482
2014-01-10,287
2014-01-11,17
2014-01-12,23
2014-01-13,487
2014-01-14,485
2014-01-15,470
2014-01-16,415
2014-01-17,346
2014-01-18,17
2014-01-19,26
2014-01-20,58
2014-01-21,499
2014-01-22,587
2014-01-23,517
2014-01-24,431
2014-01-25,4
2014-01-26,18
2014-01-27,455
2014-01-28,426
2014-01-29,448
2014-01-30,545
2014-01-31,341
2014-02-01,11
2014-02-02,13
2014-02-03,506
2014-02-04,523
2014-02-05,566
2014-02-06,638
2014-02-07,375
2014-02-08,20
2014-02-09,27
2014-02-10,521
2014-02-11,564
2014-02-12,598
2014-02-13,637
2014-02-14,436
2014-02-15,3
2014-02-16,28
2014-02-17,44
2014-02-18,553
2014-02-19,565
2014-02-20,624
2014-02-21,383
2014-02-22,3
2014-02-23,27
2014-02-24,533
2014-02-25,598
2014-02-26,604
2014-02-27,616
2014-02-28,412
2014-03-01,8
2014-03-02,20
2014-03-03,517
2014-03-04,475
2014-03-05,503
2014-03-06,551
2014-03-07,373
2014-03-08,3
2014-03-09,25
2014-03-10,485
2014-03-11,520
2014-03-12,444
2014-03-13,516
2014-03-14,358
2014-03-15,2
2014-03-16,28
2014-03-17,469
2014-03-18,424
2014-03-19,488
2014-03-20,485
2014-03-21,330
2014-03-22,7
2014-03-23,25
2014-03-24,444
2014-03-25,446
2014-03-26,468
2014-03-27,441
2014-03-28,310
2014-03-29,2
2014-03-30,16
2014-03-31,491
2014-04-01,495
2014-04-02,411
2014-04-03,434
2014-04-04,399
2014-04-05,3
2014-04-06,28
2014-04-07,449
2014-04-08,462
2014-04-09,416
2014-04-10,483
2014-04-11,363
2014-04-12,15
2014-04-13,13
2014-04-14,487
2014-04-15,473
2014-04-16,489
2014-04-17,408
2014-04-18,52
2014-04-19,1
2014-04-20,17
2014-04-21,486
2014-04-22,636
2014-04-23,668
2014-04-24,688
2014-04-25,435
2014-04-26,5
2014-04-27,25
2014-04-28,579
2014-04-29,758
2014-04-30,574
2014-05-01,795
2014-05-02,395
2014-05-03,18
2014-05-04,26
2014-05-05,573
2014-05-06,692
2014-05-07,746
2014-05-08,774
2014-05-09,412
2014-05-10,9
2014-05-11,41
2014-05-12,657
2014-05-13,601
2014-05-14,652
2014-05-15,698
2014-05-16,376
2014-05-17,18
2014-05-18,53
2014-05-19,487
2014-05-20,559
2014-05-21,535
2014-05-22,501
2014-05-23,316
2014-05-24,7
2014-05-25,19
2014-05-26,44
2014-05-27,473
2014-05-28,471
2014-05-29,510
2014-05-30,366
2014-05-31,19
2014-06-01,30
2014-06-02,579
2014-06-03,496
2014-06-04,467
2014-06-05,417
2014-06-06,339
2014-06-07,4
2014-06-08,28
2014-06-09,507
2014-06-10,553
2014-06-11,456
2014-06-12,413
2014-06-13,359
2014-06-14,37
2014-06-15,28
2014-06-16,539
2014-06-17,518
2014-06-18,519
2014-06-19,571
2014-06-20,417
2014-06-22,21
2014-06-23,565
2014-06-24,492
2014-06-25,511
2014-06-26,508
2014-06-27,383
2014-06-28,9
2014-06-29,13
2014-06-30,507
2014-07-01,499
2014-07-02,433
2014-07-03,260
2014-07-04,3
2014-07-05,15
2014-07-06,26
2014-07-07,420
2014-07-08,492
2014-07-09,515
2014-07-10,495
2014-07-11,387
2014-07-12,6
2014-07-13,18
2014-07-14,552
2014-07-15,452
2014-07-16,600
2014-07-17,589
2014-07-18,321
2014-07-19,7
2014-07-20,21
2014-07-21,584
2014-07-22,598
2014-07-23,676
2014-07-24,664
2014-07-25,412
2014-07-26,42
2014-07-27,22
2014-07-28,675
2014-07-29,728
2014-07-30,776
2014-07-31,871
2014-08-01,476
2014-08-02,5
2014-08-03,50
2014-08-04,705
2014-08-05,739
2014-08-06,668
2014-08-07,827
2014-08-08,407
2014-08-09,17
2014-08-10,52
2014-08-11,677
2014-08-12,598
2014-08-13,564
2014-08-14,661
2014-08-15,395
2014-08-16,18
2014-08-17,25
2014-08-18,501
2014-08-19,532
2014-08-20,473
2014-08-21,524
2014-08-22,337
2014-08-23,8
2014-08-24,34
2014-08-25,484
2014-08-26,460
2014-08-27,495
2014-08-28,450
2014-08-29,288
2014-08-30,23
2014-08-31,32
2014-09-01,32
2014-09-02,534
2014-09-03,502
2014-09-04,521
2014-09-05,349
2014-09-06,41
2014-09-07,25
2014-09-08,530
2014-09-09,531
2014-09-10,598
2014-09-11,475
2014-09-12,339
2014-09-13,21
2014-09-14,30
2014-09-15,530
2014-09-16,563
2014-09-17,561
2014-09-18,524
2014-09-19,327
2014-09-20,10
2014-09-21,47
2014-09-22,430
2014-09-23,604
2014-09-24,480
2014-09-25,385
2014-09-26,413
2014-09-27,16
2014-09-28,51
2014-09-29,559
2014-09-30,501
2014-10-01,573
2014-10-02,536
2014-10-03,379
2014-10-04,13
2014-10-05,64
2014-10-06,545
2014-10-07,470
2014-10-08,548
2014-10-09,689
2014-10-10,495
2014-10-11,2
2014-10-12,58
2014-10-13,615
2014-10-14,591
2014-10-15,675
2014-10-16,622
2014-10-17,496
2014-10-18,5
2014-10-19,59
2014-10-20,755
2014-10-21,656
2014-10-22,681
2014-10-23,744
2014-10-24,459
2014-10-25,9
2014-10-26,40
2014-10-27,733
2014-10-28,746
2014-10-29,824
2014-10-30,901
2014-10-31,556
2014-11-01,10
2014-11-02,38
2014-11-03,770
2014-11-04,791
2014-11-05,865
2014-11-06,855
2014-11-07,567
2014-11-08,34
2014-11-09,39
2014-11-10,692
2014-11-11,530
2014-11-12,838
2014-11-13,698
2014-11-14,557
2014-11-15,35
2014-11-16,52
2014-11-17,735
2014-11-18,666
2014-11-19,618
2014-11-20,618
2014-11-21,376
2014-11-22,21
2014-11-23,30
2014-11-24,633
2014-11-25,536
2014-11-26,354
2014-11-27,33
2014-11-28,191
2014-11-29,2
2014-11-30,42
2014-12-01,656
2014-12-02,650
2014-12-03,658
2014-12-04,699
2014-12-05,408
2014-12-06,26
2014-12-07,42
2014-12-08,650
2014-12-09,550
2014-12-10,633
2014-12-11,568
2014-12-12,415
2014-12-13,17
2014-12-14,48
2014-12-15,640
2014-12-16,716
2014-12-17,681
2014-12-18,637
2014-12-19,387
2014-12-20,18
2014-12-21,27
2014-12-22,547
2014-12-23,456
2014-12-24,211
2014-12-25,3
2014-12-26,164
2014-12-27,7
2014-12-28,16
2014-12-29,381
2014-12-30,331
2014-12-31,262
2015-01-01,16
2015-01-02,285
2015-01-03,14
2015-01-04,28
2015-01-05,611
2015-01-06,719
2015-01-07,708
2015-01-08,631
2015-01-09,554
2015-01-10,17
2015-01-11,87
2015-01-12,794
2015-01-13,677
2015-01-14,625
2015-01-15,660
2015-01-16,471
2015-01-17,15
2015-01-18,22
2015-01-19,78
2015-01-20,730
2015-01-21,594
2015-01-22,622
2015-01-23,450
2015-01-24,24
2015-01-25,48
2015-01-26,624
2015-01-27,662
2015-01-28,674
2015-01-29,573
2015-01-30,478
2015-01-31,39
2015-02-01,71
2015-02-02,639
2015-02-03,775
2015-02-04,803
2015-02-05,732
2015-02-06,458
2015-02-07,25
2015-02-08,97
2015-02-09,584
2015-02-10,584
2015-02-11,642
2015-02-12,606
2015-02-13,489
2015-02-14,57
2015-02-15,24
2015-02-16,89
2015-02-17,743
2015-02-18,669
2015-02-19,608
2015-02-20,477
2015-02-21,28
2015-02-22,50
2015-02-23,639
2015-02-24,614
2015-02-25,658
2015-02-26,672
2015-02-27,491
2015-02-28,26
2015-03-01,48
2015-03-02,657
2015-03-03,563
2015-03-04,622
2015-03-05,601
2015-03-06,347
2015-03-07,34
2015-03-08,27
2015-03-09,548
2015-03-10,539
2015-03-11,581
2015-03-12,580
2015-03-13,387
2015-03-14,32
2015-03-15,32
2015-03-16,579
2015-03-17,493
2015-03-18,475
2015-03-19,490
2015-03-20,389
2015-03-21,18
2015-03-22,35
2015-03-23,476
2015-03-24,465
2015-03-25,500
2015-03-26,525
2015-03-27,403
2015-03-28,32
2015-03-29,25
2015-03-30,547
2015-03-31,538
2015-04-01,461
2015-04-02,418
2015-04-03,46
2015-04-04,5
2015-04-05,21
2015-04-06,382
2015-04-07,463
2015-04-08,428
2015-04-09,450
2015-04-10,327
2015-04-11,45
2015-04-12,33
2015-04-13,608
2015-04-14,570
2015-04-15,536
2015-04-16,542
2015-04-17,395
2015-04-18,16
2015-04-19,30
2015-04-20,665
2015-04-21,671
2015-04-22,669
2015-04-23,641
2015-04-24,414
2015-04-25,27
2015-04-26,38
2015-04-27,610
2015-04-28,634
2015-04-29,711
2015-04-30,755
2015-05-01,488
2015-05-02,9
2015-05-03,55
2015-05-04,647
2015-05-05,705
2015-05-06,721
2015-05-07,719
2015-05-08,423
2015-05-09,21
2015-05-10,17
2015-05-11,666
2015-05-12,590
2015-05-13,556
2015-05-14,567
2015-05-15,454
2015-05-16,29
2015-05-17,41
2015-05-18,588
2015-05-19,575
2015-05-20,608
2015-05-21,525
2015-05-22,364
2015-05-23,27
2015-05-24,26
2015-05-25,50
2015-05-26,474
2015-05-27,605
2015-05-28,595
2015-05-29,510
2015-05-30,33
2015-05-31,46
2015-06-01,568
2015-06-02,614
2015-06-03,561
2015-06-04,605
2015-06-05,490
2015-06-06,19
2015-06-07,42
2015-06-08,613
2015-06-09,526
2015-06-10,593
2015-06-11,482
2015-06-12,438
2015-06-13,25
2015-06-14,41
2015-06-15,550
2015-06-16,582
2015-06-17,564
2015-06-18,592
2015-06-19,411
2015-06-20,33
2015-06-21,63
2015-06-22,569
2015-06-23,575
2015-06-24,526
2015-06-25,535
2015-06-26,370
2015-06-27,31
2015-06-28,42
2015-06-29,512
2015-06-30,537
2015-07-01,621
2015-07-02,525
2015-07-03,29
2015-07-04,10
2015-07-05,49
2015-07-06,476
2015-07-07,514
2015-07-08,547
2015-07-09,489
2015-07-10,326
2015-07-11,12
2015-07-12,27
2015-07-13,592
2015-07-14,457
2015-07-15,520
2015-07-16,473
2015-07-17,331
2015-07-18,13
2015-07-19,23
2015-07-20,491
2015-07-21,555
2015-07-22,573
2015-07-23,610
2015-07-24,386
2015-07-25,7
2015-07-26,27
2015-07-27,599
2015-07-28,617
2015-07-29,704
2015-07-30,662
2015-07-31,412
2015-08-01,5
2015-08-02,37
2015-08-03,521
2015-08-04,683
2015-08-05,654
2015-08-06,746
2015-08-07,416
2015-08-08,10
2015-08-09,38
2015-08-10,689
2015-08-11,512
2015-08-12,603
2015-08-13,548
2015-08-14,436
2015-08-15,12
2015-08-16,45
2015-08-17,382
2015-08-18,517
2015-08-19,500
2015-08-20,529
2015-08-21,306
2015-08-22,31
2015-08-23,48
2015-08-24,489
2015-08-25,448
2015-08-26,506
2015-08-27,436
2015-08-28,280
2015-08-29,1
2015-08-30,42
2015-08-31,359
2015-09-01,398
2015-09-02,340
2015-09-03,366
2015-09-04,247
2015-09-05,12
2015-09-06,14
2015-09-07,23
2015-09-08,500
2015-09-09,446
2015-09-10,463
2015-09-11,300
2015-09-12,14
2015-09-13,26
2015-09-14,381
2015-09-15,423
2015-09-16,508
2015-09-17,413
2015-09-18,274
2015-09-19,9
2015-09-20,37
2015-09-21,452
2015-09-22,388
2015-09-23,279
2015-09-24,454
2015-09-25,332
2015-09-26,23
2015-09-27,63
2015-09-28,462
2015-09-29,453
2015-09-30,458
2015-10-01,481
2015-10-02,281
2015-10-03,11
2015-10-04,42
2015-10-05,456
2015-10-06,358
2015-10-07,432
2015-10-08,479
2015-10-09,237
2015-10-10,6
2015-10-11,23
2015-10-12,438
2015-10-13,548
2015-10-14,549
2015-10-15,515
2015-10-16,342
2015-10-17,55
2015-10-18,18
2015-10-19,553
2015-10-20,484
2015-10-21,654
2015-10-22,668
2015-10-23,311
2015-10-24,8
2015-10-25,25
2015-10-26,582
2015-10-27,719
2015-10-28,716
2015-10-29,686
2015-10-30,413
2015-10-31,8
2015-11-01,18
2015-11-02,650
2015-11-03,760
2015-11-04,772
2015-11-05,750
2015-11-06,462
2015-11-07,29
2015-11-08,26
2015-11-09,668
2015-11-10,653
2015-11-11,411
2015-11-12,576
2015-11-13,380
2015-11-14,28
2015-11-15,23
2015-11-16,612
2015-11-17,511
2015-11-18,495
2015-11-19,463
2015-11-20,327
2015-11-21,17
2015-11-22,29
2015-11-23,538
2015-11-24,500
2015-11-25,326
2015-11-26,3
2015-11-27,156
2015-11-28,35
2015-11-29,17
2015-11-30,503
2015-12-01,574
2015-12-02,549
2015-12-03,555
2015-12-04,374
2015-12-05,21
2015-12-06,34
2015-12-07,593
2015-12-08,605
2015-12-09,588
2015-12-10,599
2015-12-11,499
2015-12-12,29
2015-12-13,39
2015-12-14,474
2015-12-15,608
2015-12-16,596
2015-12-17,605
2015-12-18,355
2015-12-19,12
2015-12-20,14
2015-12-21,439
2015-12-22,461
2015-12-23,379
2015-12-24,163
2015-12-26,6
2015-12-27,3
2015-12-28,381
2015-12-29,352
2015-12-30,362
2015-12-31,204
2016-01-01,1
2016-01-02,20
2016-01-03,19
2016-01-04,586
2016-01-05,629
2016-01-06,618
2016-01-07,686
2016-01-08,461
2016-01-09,5
2016-01-10,41
2016-01-11,669
2016-01-12,657
2016-01-13,557
2016-01-14,542
2016-01-15,387
2016-01-16,5
2016-01-17,35
2016-01-18,31
2016-01-19,590
2016-01-20,545
2016-01-21,562
2016-01-22,429
2016-01-23,11
2016-01-24,39
2016-01-25,691
2016-01-26,743
2016-01-27,633
2016-01-28,752
2016-01-29,446
2016-01-30,8
2016-01-31,39
2016-02-01,580
2016-02-02,687
2016-02-03,697
2016-02-04,743
2016-02-05,466
2016-02-06,16
2016-02-07,29
2016-02-08,697
2016-02-09,703
2016-02-10,606
2016-02-11,614
2016-02-12,434
2016-02-13,29
2016-02-14,21
2016-02-15,31
2016-02-16,743
2016-02-17,706
2016-02-18,598
2016-02-19,445
2016-02-20,2
2016-02-21,6
2016-02-22,625
2016-02-23,690
2016-02-24,616
2016-02-25,805
2016-02-26,491
2016-02-27,22
2016-02-28,20
2016-02-29,738
2016-03-01,619
2016-03-02,587
2016-03-03,570
2016-03-04,452
2016-03-05,2
2016-03-06,5
2016-03-07,564
2016-03-08,624
2016-03-09,560
2016-03-10,573
2016-03-11,418
2016-03-12,8
2016-03-13,55
2016-03-14,609
2016-03-15,597
2016-03-16,554
2016-03-17,492
2016-03-18,356
2016-03-19,1
2016-03-20,40
2016-03-21,453
2016-03-22,469
2016-03-23,538
2016-03-24,460
2016-03-25,21
2016-03-26,13
2016-03-27,15
2016-03-28,555
2016-03-29,547
2016-03-30,528
2016-03-31,493
2016-04-01,382
2016-04-02,23
2016-04-03,28
2016-04-04,594
2016-04-05,567
2016-04-06,554
2016-04-07,536
2016-04-08,372
2016-04-09,12
2016-04-10,27
2016-04-11,581
2016-04-12,575
2016-04-13,470
2016-04-14,517
2016-04-15,373
2016-04-16,20
2016-04-17,29
2016-04-18,542
2016-04-19,573
2016-04-20,587
2016-04-21,631
2016-04-22,374
2016-04-23,12
2016-04-24,21
2016-04-25,611
2016-04-26,743
2016-04-27,713
2016-04-28,911
2016-04-29,508
2016-04-30,14
2016-05-01,32
2016-05-02,644
2016-05-03,729
2016-05-04,888
2016-05-05,852
2016-05-06,381
2016-05-07,18
2016-05-08,13
2016-05-09,629
2016-05-10,654
2016-05-11,502
2016-05-12,571
2016-05-13,482
2016-05-14,18
2016-05-15,9
2016-05-16,619
2016-05-17,482
2016-05-18,461
2016-05-19,566
2016-05-20,387
2016-05-21,7
2016-05-22,12
2016-05-23,502
2016-05-24,387
2016-05-25,386
2016-05-26,529
2016-05-27,372
2016-05-28,9
2016-05-29,6
2016-05-30,7
2016-05-31,473
2016-06-01,615
2016-06-02,485
2016-06-03,383
2016-06-04,32
2016-06-05,33
2016-06-06,564
2016-06-07,530
2016-06-08,558
2016-06-09,485
2016-06-10,397
2016-06-11,10
2016-06-12,51
2016-06-13,495
2016-06-14,598
2016-06-15,530
2016-06-16,493
2016-06-17,379
2016-06-18,1
2016-06-19,17
2016-06-20,526
2016-06-21,578
2016-06-22,437
2016-06-23,530
2016-06-24,446
2016-06-25,21
2016-06-26,2
2016-06-27,524
2016-06-28,555
2016-06-29,700
2016-06-30,593
2016-07-01,357
2016-07-04,10
2016-07-05,426
2016-07-06,452
2016-07-07,539
2016-07-08,385
2016-07-09,6
2016-07-10,13
2016-07-11,526
2016-07-12,493
2016-07-13,467
2016-07-14,478
2016-07-15,394
2016-07-16,3
2016-07-17,25
2016-07-18,576
2016-07-19,568
2016-07-20,623
2016-07-21,695
2016-07-22,347
2016-07-23,1
2016-07-24,32
2016-07-25,656
2016-07-26,855
2016-07-27,858
2016-07-28,899
2016-07-29,506
2016-07-30,20
2016-07-31,21
2016-08-01,670
2016-08-02,801
2016-08-03,903
2016-08-04,943
2016-08-05,468
2016-08-06,9
2016-08-07,40
2016-08-08,783
2016-08-09,746
2016-08-10,610
2016-08-11,539
2016-08-12,453
2016-08-13,14
2016-08-14,24
2016-08-15,631
2016-08-16,554
2016-08-17,531
2016-08-18,517
2016-08-19,443
2016-08-20,30
2016-08-21,14
2016-08-22,470
2016-08-23,509
2016-08-24,539
2016-08-25,643
2016-08-26,402
2016-08-27,8
2016-08-28,13
2016-08-29,440
2016-08-30,508
2016-08-31,534
2016-09-01,456
2016-09-02,326
2016-09-03,4
2016-09-04,5
2016-09-05,9
2016-09-06,533
2016-09-07,602
2016-09-08,525
2016-09-09,413
2016-09-10,5
2016-09-11,23
2016-09-12,510
2016-09-13,497
2016-09-14,487
2016-09-15,460
2016-09-16,409
2016-09-17,4
2016-09-18,12
2016-09-19,462
2016-09-20,579
2016-09-21,499
2016-09-22,444
2016-09-23,465
2016-09-24,24
2016-09-25,25
2016-09-26,615
2016-09-27,526
2016-09-28,575
2016-09-29,626
2016-09-30,502
2016-10-01,6
2016-10-02,10
2016-10-03,549
2016-10-04,548
2016-10-05,546
2016-10-06,630
2016-10-07,461
2016-10-08,13
2016-10-09,36
2016-10-10,489
2016-10-11,514
2016-10-12,455
2016-10-13,556
2016-10-14,395
2016-10-15,8
2016-10-16,21
2016-10-17,538
2016-10-18,526
2016-10-19,596
2016-10-20,670
2016-10-21,490
2016-10-22,16
2016-10-23,18
2016-10-24,650
2016-10-25,720
2016-10-26,725
2016-10-27,931
2016-10-28,504
2016-10-29,13
2016-10-30,19
2016-10-31,646
2016-11-01,816
2016-11-02,894
2016-11-03,894
2016-11-04,566
2016-11-05,14
2016-11-06,17
2016-11-07,719
2016-11-08,726
2016-11-09,848
2016-11-10,733
2016-11-11,501
2016-11-12,18
2016-11-13,41
2016-11-14,795
2016-11-15,661
2016-11-16,581
2016-11-17,637
2016-11-18,463
2016-11-19,6
2016-11-20,35
2016-11-21,451
2016-11-22,498
2016-11-23,419
2016-11-24,17
2016-11-25,219
2016-11-26,2
2016-11-27,15
2016-11-28,493
2016-11-29,623
2016-11-30,513
2016-12-01,643
2016-12-02,487
2016-12-03,14
2016-12-04,25
2016-12-05,510
2016-12-06,594
2016-12-07,579
2016-12-08,508
2016-12-09,412
2016-12-10,7
2016-12-11,5
2016-12-12,519
2016-12-13,541
2016-12-14,522
2016-12-15,523
2016-12-16,447
2016-12-17,2
2016-12-18,11
2016-12-19,469
2016-12-20,472
2016-12-21,469
2016-12-22,422
2016-12-23,251
2016-12-26,1
2016-12-27,296
2016-12-28,344
2016-12-29,261
2016-12-30,225
2016-12-31,7
2017-01-02,31
2017-01-03,466
2017-01-04,514
2017-01-05,578
2017-01-06,353
2017-01-07,1
2017-01-08,24
2017-01-09,589
2017-01-10,517
2017-01-11,569
2017-01-12,493
2017-01-13,353
2017-01-15,3
2017-01-16,31
2017-01-17,549
2017-01-18,525
2017-01-19,558
2017-01-20,389
2017-01-21,2
2017-01-22,19
2017-01-23,513
2017-01-24,620
2017-01-25,631
2017-01-26,675
2017-01-27,408
2017-01-28,22
2017-01-29,30
2017-01-30,594
2017-01-31,603
2017-02-01,645
2017-02-02,695
2017-02-03,387
2017-02-04,5
2017-02-05,17
2017-02-06,499
2017-02-07,652
2017-02-08,639
2017-02-09,643
2017-02-10,409
2017-02-11,8
2017-02-12,28
2017-02-13,511
2017-02-14,625
2017-02-15,665
2017-02-16,569
2017-02-17,421
2017-02-18,15
2017-02-19,18
2017-02-20,17
2017-02-21,550
2017-02-22,610
2017-02-23,646
2017-02-24,448
2017-02-25,26
2017-02-26,24
2017-02-27,526
2017-02-28,598
2017-03-01,567
2017-03-02,552
2017-03-03,399
2017-03-04,27
2017-03-05,46
2017-03-06,536
2017-03-07,510
2017-03-08,564
2017-03-09,534
2017-03-10,369
2017-03-11,27
2017-03-12,13
2017-03-13,435
2017-03-14,500
2017-03-15,505
2017-03-16,539
2017-03-17,314
2017-03-18,17
2017-03-19,33
2017-03-20,430
2017-03-21,445
2017-03-22,355
2017-03-23,471
2017-03-24,345
2017-03-25,8
2017-03-26,18
2017-03-27,386
2017-03-28,445
2017-03-29,412
2017-03-30,375
2017-03-31,408
2017-04-01,14
2017-04-02,32
2017-04-03,456
2017-04-04,482
2017-04-05,474
2017-04-06,387
2017-04-07,301
2017-04-08,18
2017-04-09,27
2017-04-10,392
2017-04-11,347
2017-04-12,381
2017-04-13,325
2017-04-14,26
2017-04-15,28
2017-04-16,27
2017-04-17,416
2017-04-18,440
2017-04-19,489
2017-04-20,604
2017-04-21,346
2017-04-22,19
2017-04-23,12
2017-04-24,583
2017-04-25,721
2017-04-26,662
2017-04-27,737
2017-04-28,417
2017-04-29,27
2017-04-30,27
2017-05-01,514
2017-05-02,748
2017-05-03,694
2017-05-04,814
2017-05-05,406
2017-05-06,24
2017-05-07,31
2017-05-08,680
2017-05-09,780
2017-05-10,665
2017-05-11,465
2017-05-12,357
2017-05-13,25
2017-05-14,31
2017-05-15,518
2017-05-16,413
2017-05-17,426
2017-05-18,588
2017-05-19,299
2017-05-20,20
2017-05-21,32
2017-05-22,415
2017-05-23,434
2017-05-24,481
2017-05-25,466
2017-05-26,302
2017-05-27,9
2017-05-28,9
2017-05-29,17
2017-05-30,353
2017-05-31,425
2017-06-01,407
2017-06-02,330
2017-06-03,38
2017-06-04,32
2017-06-05,431
2017-06-06,398
2017-06-07,413
2017-06-08,781
2017-06-09,753
2017-06-10,9
2017-06-11,28
2017-06-12,629
2017-06-13,649
2017-06-14,652
2017-06-15,636
2017-06-16,526
2017-06-17,6
2017-06-18,22
2017-06-19,582
2017-06-20,636
2017-06-21,695
2017-06-22,635
2017-06-23,611
2017-06-24,16
2017-06-25,11
2017-06-26,566
2017-06-27,633
2017-06-28,864
2017-06-29,479
2017-06-30,348
2017-07-01,24
2017-07-02,33
2017-07-03,170
2017-07-04,7
2017-07-05,380
2017-07-06,361
2017-07-07,290
2017-07-08,18
2017-07-09,23
2017-07-10,426
2017-07-11,424
2017-07-12,371
2017-07-13,490
2017-07-14,315
2017-07-15,14
2017-07-16,15
2017-07-17,415
2017-07-18,499
2017-07-19,589
2017-07-20,502
2017-07-21,446
2017-07-22,45
2017-07-23,30
2017-07-24,464
2017-07-25,542
2017-07-26,695
2017-07-27,766
2017-07-28,374
2017-07-29,25
2017-07-30,12
2017-07-31,539
2017-08-01,672
2017-08-02,727
2017-08-03,855
2017-08-04,436
2017-08-06,16
2017-08-07,526
2017-08-08,718
2017-08-09,550
2017-08-10,498
2017-08-11,281
2017-08-12,13
2017-08-13,18
2017-08-14,481
2017-08-15,368
2017-08-16,347
2017-08-17,352
2017-08-18,237
2017-08-19,14
2017-08-20,17
2017-08-21,310
2017-08-22,351
2017-08-23,362
2017-08-24,445
2017-08-25,329
2017-08-26,2
2017-08-27,17
2017-08-28,400
2017-08-29,316
2017-08-30,392
2017-08-31,395
2017-09-01,280
2017-09-02,17
2017-09-03,15
2017-09-04,10
2017-09-05,364
2017-09-06,465
2017-09-07,434
2017-09-08,346
2017-09-09,42
2017-09-10,32
2017-09-11,432
2017-09-12,434
2017-09-13,399
2017-09-14,402
2017-09-15,321
2017-09-16,8
2017-09-17,21
2017-09-18,335
2017-09-19,412
2017-09-20,352
2017-09-21,323
2017-09-22,300
2017-09-23,5
2017-09-24,16
2017-09-25,393
2017-09-26,411
2017-09-27,382
2017-09-28,438
2017-09-29,253
2017-10-01,9
2017-10-02,480
2017-10-03,432
2017-10-04,407
2017-10-05,420
2017-10-06,301
2017-10-07,7
2017-10-08,15
2017-10-09,378
2017-10-10,484
2017-10-11,424
2017-10-12,417
2017-10-13,347
2017-10-14,4
2017-10-15,10
2017-10-16,541
2017-10-17,537
2017-10-18,572
2017-10-19,597
2017-10-20,347
2017-10-21,7
2017-10-22,12
2017-10-23,553
2017-10-24,646
2017-10-25,697
2017-10-26,810
2017-10-27,410
2017-10-28,8
2017-10-29,20
2017-10-30,608
2017-10-31,713
2017-11-01,875
2017-11-02,1036
2017-11-03,509
2017-11-04,6
2017-11-05,11
2017-11-06,734
2017-11-07,758
2017-11-08,775
2017-11-09,783
2017-11-10,410
2017-11-11,6
2017-11-12,16
2017-11-13,551
2017-11-14,571
2017-11-15,612
2017-11-16,647
2017-11-17,416
2017-11-19,20
2017-11-20,471
2017-11-21,484
2017-11-22,304
2017-11-23,1
2017-11-24,163
2017-11-26,21
2017-11-27,435
2017-11-28,451
2017-11-29,465
2017-11-30,486
2017-12-01,370
2017-12-02,17
2017-12-03,21
2017-12-04,538
2017-12-05,471
2017-12-06,456
2017-12-07,431
2017-12-08,307
2017-12-09,10
2017-12-10,22
2017-12-11,453
2017-12-12,431
2017-12-13,460
2017-12-14,463
2017-12-15,387
2017-12-16,1
2017-12-17,17
2017-12-18,498
2017-12-19,517
2017-12-20,422
2017-12-21,523
2017-12-22,333
2017-12-23,29
2017-12-24,11
2017-12-25,1
2017-12-26,248
2017-12-27,290
2017-12-28,261
2017-12-29,195
2017-12-30,15
2017-12-31,22
2018-01-01,11
2018-01-02,484
2018-01-03,492
2018-01-04,472
2018-01-05,509
2018-01-06,10
2018-01-07,15
2018-01-08,601
2018-01-09,555
2018-01-10,433
2018-01-11,431
2018-01-12,365
2018-01-13,13
2018-01-14,17
2018-01-15,39
2018-01-16,579
2018-01-17,520
2018-01-18,473
2018-01-19,354
2018-01-20,15
2018-01-21,14
2018-01-22,571
2018-01-23,573
2018-01-24,511
2018-01-25,547
2018-01-26,310
2018-01-27,3
2018-01-28,14
2018-01-29,567
2018-01-30,612
2018-01-31,598
2018-02-01,643
2018-02-02,384
2018-02-03,2
2018-02-04,18
2018-02-05,501
2018-02-06,677
2018-02-07,642
2018-02-08,726
2018-02-09,473
2018-02-10,4
2018-02-11,20
2018-02-12,582
2018-02-13,610
2018-02-14,758
2018-02-15,690
2018-02-16,420
2018-02-17,1
2018-02-18,20
2018-02-19,33
2018-02-20,619
2018-02-21,627
2018-02-22,624
2018-02-23,372
2018-02-24,8
2018-02-25,34
2018-02-26,447
2018-02-27,670
2018-02-28,574
2018-03-01,665
2018-03-02,454
2018-03-04,11
2018-03-05,487
2018-03-06,503
2018-03-07,495
2018-03-08,600
2018-03-09,364
2018-03-10,14
2018-03-11,38
2018-03-12,451
2018-03-13,473
2018-03-14,415
2018-03-15,530
2018-03-16,400
2018-03-17,4
2018-03-18,24
2018-03-19,434
2018-03-20,385
2018-03-21,352
2018-03-22,394
2018-03-23,272
2018-03-24,2
2018-03-25,22
2018-03-26,350
2018-03-27,460
2018-03-28,428
2018-03-29,337
2018-03-30,16
2018-03-31,4
2018-04-01,27
2018-04-02,453
2018-04-03,395
2018-04-04,340
2018-04-05,362
2018-04-06,295
2018-04-07,1
2018-04-08,16
2018-04-09,340
2018-04-10,380
2018-04-11,373
2018-04-12,404
2018-04-13,357
2018-04-14,3
2018-04-15,26
2018-04-16,494
2018-04-17,510
2018-04-18,526
2018-04-19,614
2018-04-20,416
2018-04-21,7
2018-04-22,34
2018-04-23,552
2018-04-24,637
2018-04-25,700
2018-04-26,840
2018-04-27,455
2018-04-29,53
2018-04-30,616
2018-05-01,797
2018-05-02,868
2018-05-03,872
2018-05-04,494
2018-05-05,7
2018-05-06,66
2018-05-07,619
2018-05-08,844
2018-05-09,730
2018-05-10,687
2018-05-11,439
2018-05-12,14
2018-05-13,37
2018-05-14,587
2018-05-15,603
2018-05-16,549
2018-05-17,521
2018-05-18,393
2018-05-19,22
2018-05-20,29
2018-05-21,437
2018-05-22,444
2018-05-23,507
2018-05-24,487
2018-05-25,311
2018-05-26,14
2018-05-27,15
2018-05-28,10
2018-05-29,418
2018-05-30,465
2018-05-31,667
2018-06-01,409
2018-06-02,11
2018-06-03,71
2018-06-04,424
2018-06-05,476
2018-06-06,467
2018-06-07,508
2018-06-08,308
2018-06-09,1
2018-06-10,16
2018-06-11,427
2018-06-12,457
2018-06-13,431
2018-06-14,378
2018-06-15,420
2018-06-16,8
2018-06-17,8
2018-06-18,410
2018-06-19,435
2018-06-20,409
2018-06-21,436
2018-06-22,290
2018-06-23,13
2018-06-24,29
2018-06-25,448
2018-06-26,427
2018-06-27,460
2018-06-28,408
2018-06-29,390
2018-06-30,27
2018-07-01,32
2018-07-02,386
2018-07-03,251
2018-07-04,8
2018-07-05,396
2018-07-06,246
2018-07-07,6
2018-07-08,18
2018-07-09,389
2018-07-10,487
2018-07-11,443
2018-07-12,519
2018-07-13,336
2018-07-14,4
2018-07-15,16
2018-07-16,469
2018-07-17,469
2018-07-18,548
2018-07-19,617
2018-07-20,572
2018-07-21,7
2018-07-22,40
2018-07-23,776
2018-07-24,778
2018-07-25,1017
2018-07-26,1146
2018-07-27,834
2018-07-28,49
2018-07-29,14
2018-07-30,834
2018-07-31,922
2018-08-01,1086
2018-08-02,1175
2018-08-03,778
2018-08-05,13
2018-08-06,909
2018-08-07,1028
2018-08-08,1114
2018-08-09,983
2018-08-10,695
2018-08-11,4
2018-08-12,18
2018-08-13,454
2018-08-14,660
2018-08-15,752
2018-08-16,801
2018-08-17,534
2018-08-18,4
2018-08-19,21
2018-08-20,373
2018-08-21,722
2018-08-22,706
2018-08-23,603
2018-08-24,547
2018-08-25,15
2018-08-26,6
2018-08-27,509
2018-08-28,315
2018-08-29,616
2018-08-30,762
2018-08-31,478
2018-09-01,5
2018-09-02,22
2018-09-03,11
2018-09-04,723
2018-09-05,832
2018-09-06,729
2018-09-07,705
2018-09-08,3
2018-09-09,26
2018-09-10,609
2018-09-11,434
2018-09-12,729
2018-09-13,832
2018-09-14,784
2018-09-15,5
2018-09-16,33
2018-09-17,718
2018-09-18,633
2018-09-19,299
2018-09-20,614
2018-09-21,567
2018-09-22,15
2018-09-23,23
2018-09-24,615
2018-09-25,676
2018-09-26,766
2018-09-27,643
2018-09-28,333
2018-09-29,11
2018-09-30,23
2018-10-01,449
2018-10-02,607
2018-10-03,654
2018-10-04,615
2018-10-05,353
2018-10-06,3
2018-10-07,22
2018-10-08,763
2018-10-09,432
2018-10-10,839
2018-10-11,857
2018-10-12,749
2018-10-13,22
2018-10-14,38
2018-10-15,441
2018-10-16,512
2018-10-17,535
2018-10-18,557
2018-10-19,434
2018-10-20,18
2018-10-21,40
2018-10-22,616
2018-10-23,1026
2018-10-24,1079
2018-10-25,871
2018-10-26,524
2018-10-27,32
2018-10-28,23
2018-10-29,1117
2018-10-30,1228
2018-10-31,838
2018-11-01,1168
2018-11-02,617
2018-11-03,4
2018-11-04,87
2018-11-05,695
2018-11-06,832
2018-11-07,774
2018-11-08,1011
2018-11-09,614
2018-11-10,7
2018-11-11,35
2018-11-12,418
2018-11-13,474
2018-11-14,644
2018-11-15,862
2018-11-16,593
2018-11-17,13
2018-11-18,32
2018-11-19,695
2018-11-20,842
2018-11-21,748
2018-11-22,5
2018-11-23,356
2018-11-24,2
2018-11-25,48
2018-11-26,445
2018-11-27,562
2018-11-28,821
2018-11-29,836
2018-11-30,589
2018-12-01,9
2018-12-02,55
2018-12-03,509
2018-12-04,667
2018-12-05,66
2018-12-06,566
2018-12-07,351
2018-12-08,12
2018-12-09,8
2018-12-10,920
2018-12-11,463
2018-12-12,819
2018-12-13,452
2018-12-14,806
2018-12-15,11
2018-12-16,18
2018-12-17,856
2018-12-18,593
2018-12-19,905
2018-12-20,910
2018-12-21,403
2018-12-22,2
2018-12-23,54
2018-12-24,165
2018-12-25,2
2018-12-26,230
2018-12-27,325
2018-12-28,211
2018-12-29,13
2018-12-30,26
2018-12-31,194
2019-01-01,7
2019-01-02,526
2019-01-03,475
2019-01-04,353
2019-01-05,1
2019-01-06,22
2019-01-07,545
2019-01-08,569
2019-01-09,523
2019-01-10,500
2019-01-11,460
2019-01-12,18
2019-01-13,22
2019-01-14,606
2019-01-15,459
2019-01-16,554
2019-01-17,486
2019-01-18,387
2019-01-19,7
2019-01-20,9
2019-01-21,17
2019-01-22,540
2019-01-23,555
2019-01-24,681
2019-01-25,413
2019-01-26,9
2019-01-27,24
2019-01-28,623
2019-01-29,687
2019-01-30,554
2019-01-31,558
2019-02-01,458
2019-02-02,14
2019-02-03,26
2019-02-04,459
2019-02-05,623
2019-02-06,556
2019-02-07,685
2019-02-08,369
2019-02-09,8
2019-02-10,34
2019-02-11,508
2019-02-12,520
2019-02-13,663
2019-02-14,804
2019-02-15,570
2019-02-16,2
2019-02-17,10
2019-02-18,23
2019-02-19,593
2019-02-20,658
2019-02-21,712
2019-02-22,411
2019-02-23,20
2019-02-24,42
2019-02-25,476
2019-02-26,672
2019-02-27,664
2019-02-28,631
2019-03-01,479
2019-03-02,7
2019-03-03,30
2019-03-04,489
2019-03-05,466
2019-03-06,570
2019-03-07,556
2019-03-08,381
2019-03-09,8
2019-03-10,31
2019-03-11,417
2019-03-12,452
2019-03-13,421
2019-03-14,431
2019-03-15,387
2019-03-16,9
2019-03-17,17
2019-03-18,401
2019-03-19,407
2019-03-20,522
2019-03-21,490
2019-03-22,376
2019-03-23,25
2019-03-24,19
2019-03-25,320
2019-03-26,429
2019-03-27,503
2019-03-28,452
2019-03-29,372
2019-03-30,36
2019-03-31,18
2019-04-01,559
2019-04-02,468
2019-04-03,434
2019-04-04,443
2019-04-05,314
2019-04-06,5
2019-04-07,21
2019-04-08,402
2019-04-09,419
2019-04-10,395
2019-04-11,399
2019-04-12,375
2019-04-13,12
2019-04-14,15
2019-04-15,418
2019-04-16,504
2019-04-17,616
2019-04-18,468
2019-04-19,17
2019-04-20,18
2019-04-21,24
2019-04-22,438
2019-04-23,672
2019-04-24,722
2019-04-25,802
2019-04-26,541
2019-04-27,17
2019-04-28,36
2019-04-29,466
2019-04-30,769
2019-05-01,845
2019-05-02,858
2019-05-03,531
2019-05-04,30
2019-05-05,24
2019-05-06,742
2019-05-07,860
2019-05-08,801
2019-05-09,915
2019-05-10,510
2019-05-11,22
2019-05-12,14
2019-05-13,493
2019-05-14,594
2019-05-15,616
2019-05-16,545
2019-05-17,491
2019-05-18,19
2019-05-19,13
2019-05-20,542
2019-05-21,565
2019-05-22,562
2019-05-23,587
2019-05-24,309
2019-05-25,16
2019-05-26,34
2019-05-27,13
2019-05-28,370
2019-05-29,492
2019-05-30,591
2019-05-31,542
2019-06-01,39
2019-06-02,19
2019-06-03,598
2019-06-04,710
2019-06-05,513
2019-06-06,440
2019-06-07,400
2019-06-08,35
2019-06-09,23
2019-06-10,439
2019-06-11,501
2019-06-12,500
2019-06-13,412
2019-06-14,442
2019-06-15,20
2019-06-16,17
2019-06-17,436
2019-06-18,508
2019-06-19,433
2019-06-20,408
2019-06-21,284
2019-06-22,15
2019-06-23,19
2019-06-24,338
2019-06-25,465
2019-06-26,642
2019-06-27,492
2019-06-28,360
2019-06-29,15
2019-06-30,18
2019-07-01,482
2019-07-02,463
2019-07-03,278
2019-07-04,3
2019-07-05,179
2019-07-06,19
2019-07-07,8
2019-07-08,426
2019-07-09,477
2019-07-10,480
2019-07-11,558
2019-07-12,420
2019-07-13,19
2019-07-14,9
2019-07-15,468
2019-07-16,455
2019-07-17,601
2019-07-18,540
2019-07-19,353
2019-07-20,25
2019-07-21,11
2019-07-22,499
2019-07-23,814
2019-07-24,809
2019-07-25,914
2019-07-26,798
2019-07-27,57
2019-07-28,33
2019-07-29,868
2019-07-30,1092
2019-07-31,1161
2019-08-01,1270
2019-08-02,888
2019-08-03,25
2019-08-04,10
2019-08-05,1077
2019-08-06,952
2019-08-07,1180
2019-08-08,1021
2019-08-09,637
2019-08-10,13
2019-08-11,18
2019-08-12,632
2019-08-13,853
2019-08-14,835
2019-08-15,641
2019-08-16,572
2019-08-17,19
2019-08-18,3
2019-08-19,633
2019-08-20,499
2019-08-21,547
2019-08-22,653
2019-08-23,689
2019-08-24,20
2019-08-25,13
2019-08-26,545
2019-08-27,599
2019-08-28,604
2019-08-29,599
2019-08-30,404
2019-08-31,11
2019-09-01,9
2019-09-02,18
2019-09-03,620
2019-09-04,826
2019-09-05,867
2019-09-06,542
2019-09-07,17
2019-09-08,20
2019-09-09,651
2019-09-10,675
2019-09-11,611
2019-09-12,633
2019-09-13,507
2019-09-14,7
2019-09-15,33
2019-09-16,655
2019-09-17,629
2019-09-18,512
2019-09-19,457
2019-09-20,419
2019-09-21,5
2019-09-22,31
2019-09-23,543
2019-09-24,672
2019-09-25,611
2019-09-26,628
2019-09-27,470
2019-09-28,23
2019-09-29,26
2019-09-30,527
2019-10-01,704
2019-10-02,795
2019-10-03,686
2019-10-04,429
2019-10-05,16
2019-10-06,23
2019-10-07,508
2019-10-08,738
2019-10-09,539
2019-10-10,629
2019-10-11,716
2019-10-12,25
2019-10-13,17
2019-10-14,518
2019-10-15,605
2019-10-16,660
2019-10-17,698
2019-10-18,610
2019-10-19,7
2019-10-20,26
2019-10-21,881
2019-10-22,725
2019-10-23,956
2019-10-24,939
2019-10-25,578
2019-10-26,15
2019-10-27,42
2019-10-28,843
2019-10-29,912
2019-10-30,933
2019-10-31,787
2019-11-01,703
2019-11-02,10
2019-11-03,40
2019-11-04,997
2019-11-05,1024
2019-11-06,985
2019-11-07,1144
2019-11-08,669
2019-11-09,28
2019-11-10,30
2019-11-11,571
2019-11-12,809
2019-11-13,725
2019-11-14,625
2019-11-15,602
2019-11-16,7
2019-11-17,29
2019-11-18,661
2019-11-19,720
2019-11-20,663
2019-11-21,632
2019-11-22,454
2019-11-23,13
2019-11-24,16
2019-11-25,641
2019-11-26,647
2019-11-27,450
2019-11-28,4
2019-11-29,271
2019-11-30,3
2019-12-01,51
2019-12-02,506
2019-12-03,620
2019-12-04,612
2019-12-05,593
2019-12-06,709
2019-12-07,52
2019-12-08,32
2019-12-09,544
2019-12-10,719
2019-12-11,636
2019-12-12,839
2019-12-13,557
2019-12-14,18
2019-12-15,14
2019-12-16,644
2019-12-17,730
2019-12-18,736
2019-12-19,665
2019-12-20,642
2019-12-21,26
2019-12-22,43
2019-12-23,465
2019-12-24,230
2019-12-25,6
2019-12-26,214
2019-12-27,405
2019-12-28,18
2019-12-29,35
2019-12-30,281
2019-12-31,182
2020-01-01,17
2020-01-02,452
2020-01-03,522
2020-01-04,9
2020-01-05,12
2020-01-06,538
2020-01-07,509
2020-01-08,626
2020-01-09,797
2020-01-10,624
2020-01-11,16
2020-01-12,30
2020-01-13,578
2020-01-14,560
2020-01-15,672
2020-01-16,778
2020-01-17,760
2020-01-18,14
2020-01-19,5
2020-01-20,37
2020-01-21,1171
2020-01-22,1198
2020-01-23,873
2020-01-24,803
2020-01-25,3
2020-01-26,46
2020-01-27,968
2020-01-28,928
2020-01-29,824
2020-01-30,952
2020-01-31,823
2020-02-01,17
2020-02-02,54
2020-02-03,771
2020-02-04,996
2020-02-05,973
2020-02-06,998
2020-02-07,499
2020-02-08,18
2020-02-09,36
2020-02-10,752
2020-02-11,893
2020-02-12,967
2020-02-13,924
2020-02-14,661
2020-02-15,17
2020-02-16,34
2020-02-17,44
2020-02-18,964
2020-02-19,883
2020-02-20,1139
2020-02-21,872
2020-02-22,23
2020-02-23,121
2020-02-24,955
2020-02-25,1045
2020-02-26,998
2020-02-27,1567
2020-02-28,1620
2020-02-29,37
2020-03-01,56
2020-03-02,776
2020-03-03,821
2020-03-04,878
2020-03-05,1095
2020-03-06,1428
2020-03-07,27
2020-03-08,48
2020-03-09,1170
2020-03-10,1134
2020-03-11,1384
2020-03-12,2739
2020-03-13,1072
2020-03-14,22
2020-03-15,66
2020-03-16,1181
2020-03-17,1091
2020-03-18,925
2020-03-19,1595
2020-03-20,777
2020-03-21,32
2020-03-22,37
2020-03-23,1391
2020-03-24,898
2020-03-25,762
2020-03-26,915
2020-03-27,940
2020-03-28,20
2020-03-29,24
2020-03-30,790
2020-03-31,901
2020-04-01,977
2020-04-02,881
2020-04-03,754
2020-04-04,28
2020-04-05,33
2020-04-06,974
2020-04-07,1042
2020-04-08,954
2020-04-09,966
2020-04-10,46
2020-04-11,15
2020-04-12,42
2020-04-13,906
2020-04-14,867
2020-04-15,1253
2020-04-16,933
2020-04-17,889
2020-04-18,16
2020-04-19,53
2020-04-20,790
2020-04-21,959
2020-04-22,902
2020-04-23,914
2020-04-24,713
2020-04-25,33
2020-04-26,83
2020-04-27,961
2020-04-28,1057
2020-04-29,1389
2020-04-30,1327
2020-05-01,1088
2020-05-02,48
2020-05-03,130
2020-05-04,894
2020-05-05,1124
2020-05-06,1175
2020-05-07,1398
2020-05-08,927
2020-05-09,25
2020-05-10,73
2020-05-11,908
2020-05-12,816
2020-05-13,1005
2020-05-14,901
2020-05-15,643
2020-05-16,58
2020-05-17,49
2020-05-18,914
2020-05-19,612
2020-05-20,810
2020-05-21,662
2020-05-22,520
2020-05-23,27
2020-05-24,22
2020-05-25,25
2020-05-26,967
2020-05-27,812
2020-05-28,769
2020-05-29,529
2020-05-30,27
2020-05-31,34
2020-06-01,689
2020-06-02,544
2020-06-03,789
2020-06-04,538
2020-06-05,932
2020-06-06,11
2020-06-07,25
2020-06-08,765
2020-06-09,803
2020-06-10,807
2020-06-11,544
